{
  "model": {
    "rmsf_corr": 0.48023727536201477,
    "dist_js": 0.0012979940511286259,
    "ca_bond_mean": 3.844728250314694,
    "clash_count": 1.0198019801980198
  }
}