{
  "model": {
    "rmsf_corr": NaN,
    "dist_js": 8.835432013028655e-15,
    "ca_bond_mean": NaN,
    "clash_count": 0.10379241516966067
  }
}