{
  "model": {
    "rmsf_corr": 0.6325281858444214,
    "dist_js": 0.0162532739341259,
    "ca_bond_mean": 3.8585263691326177,
    "clash_count": 1.6732673267326732
  }
}