{
  "model": {
    "rmsf_corr": 0.08650561422109604,
    "dist_js": 0.5697163343429565,
    "ca_bond_mean": 161.2821080875016,
    "clash_count": 2.9800399201596806
  }
}