{
  "model": {
    "rmsf_corr": -0.0006438230630010366,
    "dist_js": 0.0032118866220116615,
    "ca_bond_mean": 3.8360087989580514,
    "clash_count": 0.31683168316831684
  }
}