{
  "model": {
    "rmsf_corr": 0.7105256915092468,
    "dist_js": 0.0063358792103827,
    "ca_bond_mean": 3.8299976717127433,
    "clash_count": 0.0
  }
}