{
  "model": {
    "rmsf_corr": 0.12418197840452194,
    "dist_js": 0.041877903044223785,
    "ca_bond_mean": 3.9235720382241195,
    "clash_count": 9.0
  }
}