{
  "model": {
    "rmsf_corr": 0.6387093663215637,
    "dist_js": 0.01386741828173399,
    "ca_bond_mean": 3.8323439914401214,
    "clash_count": 1.8712871287128714
  }
}