{
  "model": {
    "rmsf_corr": -0.07108781486749649,
    "dist_js": 0.09455413371324539,
    "ca_bond_mean": 3.8426100298792063,
    "clash_count": 2.155688622754491
  }
}