{
  "model": {
    "rmsf_corr": 0.3107275366783142,
    "dist_js": 0.7064595818519592,
    "ca_bond_mean": 224.00801321322808,
    "clash_count": 0.3992015968063872
  }
}